id,iso_id,year,county,filename
1,1,2014,ALAMANCE,alamance_001_2014.json
2,1,2018,ALAMANCE,alamance_001_2018.json
3,2,2014,ALAMANCE,alamance_002_2014.json
4,2,2018,ALAMANCE,alamance_002_2018.json
5,3,2014,ALAMANCE,alamance_003_2014.json
6,3,2018,ALAMANCE,alamance_003_2018.json
7,4,2014,ALAMANCE,alamance_004_2014.json
8,4,2018,ALEXANDER,alexander_004_2018.json
9,5,2014,ALEXANDER,alexander_005_2014.json
10,5,2018,ALEXANDER,alexander_005_2018.json
11,6,2014,ALEXANDER,alexander_006_2014.json
12,6,2018,ALEXANDER,alexander_006_2018.json
13,9,2014,ASHE,ashe_009_2014.json
14,9,2018,ASHE,ashe_009_2018.json
15,10,2014,ASHE,ashe_010_2014.json
16,15,2018,BERTIE,bertie_015_2018.json
17,16,2014,BERTIE,bertie_016_2014.json
18,17,2014,BERTIE,bertie_017_2014.json
19,18,2014,BERTIE,bertie_018_2014.json
20,19,2014,BERTIE,bertie_019_2014.json
21,16,2018,BLADEN,bladen_016_2018.json
22,20,2014,BLADEN,bladen_020_2014.json
23,21,2014,BLADEN,bladen_021_2014.json
24,22,2014,BLADEN,bladen_022_2014.json
25,23,2014,BLADEN,bladen_023_2014.json
26,17,2018,BRUNSWICK,brunswick_017_2018.json
27,18,2018,BRUNSWICK,brunswick_018_2018.json
28,19,2018,BRUNSWICK,brunswick_019_2018.json
29,20,2018,BRUNSWICK,brunswick_020_2018.json
30,21,2018,BRUNSWICK,brunswick_021_2018.json
31,22,2018,BRUNSWICK,brunswick_022_2018.json
32,24,2014,BRUNSWICK,brunswick_024_2014.json
33,25,2014,BRUNSWICK,brunswick_025_2014.json
34,26,2014,BRUNSWICK,brunswick_026_2014.json
35,27,2014,BRUNSWICK,brunswick_027_2014.json
36,28,2014,BRUNSWICK,brunswick_028_2014.json
37,29,2014,BRUNSWICK,brunswick_029_2014.json
38,30,2014,BRUNSWICK,brunswick_030_2014.json
39,31,2014,BRUNSWICK,brunswick_031_2014.json
40,23,2018,BUNCOMBE,buncombe_023_2018.json
41,24,2018,BUNCOMBE,buncombe_024_2018.json
42,25,2018,BUNCOMBE,buncombe_025_2018.json
43,26,2018,BUNCOMBE,buncombe_026_2018.json
44,27,2018,BUNCOMBE,buncombe_027_2018.json
45,28,2018,BUNCOMBE,buncombe_028_2018.json
46,29,2018,BUNCOMBE,buncombe_029_2018.json
47,30,2018,BUNCOMBE,buncombe_030_2018.json
48,31,2018,BUNCOMBE,buncombe_031_2018.json
49,32,2014,BUNCOMBE,buncombe_032_2014.json
50,32,2018,BUNCOMBE,buncombe_032_2018.json
51,33,2014,BUNCOMBE,buncombe_033_2014.json
52,33,2018,BUNCOMBE,buncombe_033_2018.json
53,34,2014,BUNCOMBE,buncombe_034_2014.json
54,35,2014,BUNCOMBE,buncombe_035_2014.json
55,36,2014,BUNCOMBE,buncombe_036_2014.json
56,37,2014,BUNCOMBE,buncombe_037_2014.json
57,38,2014,BUNCOMBE,buncombe_038_2014.json
58,39,2014,BUNCOMBE,buncombe_039_2014.json
59,40,2014,BUNCOMBE,buncombe_040_2014.json
60,41,2014,BUNCOMBE,buncombe_041_2014.json
61,42,2014,BUNCOMBE,buncombe_042_2014.json
62,43,2014,BUNCOMBE,buncombe_043_2014.json
63,44,2014,BUNCOMBE,buncombe_044_2014.json
64,45,2014,BUNCOMBE,buncombe_045_2014.json
65,46,2014,BUNCOMBE,buncombe_046_2014.json
66,34,2018,BURKE,burke_034_2018.json
67,35,2018,BURKE,burke_035_2018.json
68,36,2018,BURKE,burke_036_2018.json
69,37,2018,BURKE,burke_037_2018.json
70,38,2018,BURKE,burke_038_2018.json
71,47,2014,BURKE,burke_047_2014.json
72,48,2014,BURKE,burke_048_2014.json
73,49,2014,BURKE,burke_049_2014.json
74,50,2014,BURKE,burke_050_2014.json
75,39,2018,CABARRUS,cabarrus_039_2018.json
76,40,2018,CABARRUS,cabarrus_040_2018.json
77,41,2018,CABARRUS,cabarrus_041_2018.json
78,42,2018,CABARRUS,cabarrus_042_2018.json
79,51,2014,CABARRUS,cabarrus_051_2014.json
80,52,2014,CABARRUS,cabarrus_052_2014.json
81,53,2014,CABARRUS,cabarrus_053_2014.json
82,54,2014,CABARRUS,cabarrus_054_2014.json
83,43,2018,CALDWELL,caldwell_043_2018.json
84,44,2018,CALDWELL,caldwell_044_2018.json
85,55,2014,CALDWELL,caldwell_055_2014.json
86,56,2014,CALDWELL,caldwell_056_2014.json
87,57,2014,CALDWELL,caldwell_057_2014.json
88,46,2018,CARTERET,carteret_046_2018.json
89,47,2018,CARTERET,carteret_047_2018.json
90,48,2018,CARTERET,carteret_048_2018.json
91,59,2014,CARTERET,carteret_059_2014.json
92,60,2014,CARTERET,carteret_060_2014.json
93,61,2014,CARTERET,carteret_061_2014.json
94,62,2014,CARTERET,carteret_062_2014.json
95,49,2018,CASWELL,caswell_049_2018.json
96,63,2014,CASWELL,caswell_063_2014.json
97,64,2014,CASWELL,caswell_064_2014.json
98,65,2014,CASWELL,caswell_065_2014.json
99,66,2014,CASWELL,caswell_066_2014.json
100,50,2018,CATAWBA,catawba_050_2018.json
101,51,2018,CATAWBA,catawba_051_2018.json
102,52,2018,CATAWBA,catawba_052_2018.json
103,53,2018,CATAWBA,catawba_053_2018.json
104,54,2018,CATAWBA,catawba_054_2018.json
105,67,2014,CATAWBA,catawba_067_2014.json
106,68,2014,CATAWBA,catawba_068_2014.json
107,69,2014,CATAWBA,catawba_069_2014.json
108,70,2014,CATAWBA,catawba_070_2014.json
109,71,2014,CATAWBA,catawba_071_2014.json
110,55,2018,CHATHAM,chatham_055_2018.json
111,56,2018,CHATHAM,chatham_056_2018.json
112,57,2018,CHATHAM,chatham_057_2018.json
113,58,2018,CHATHAM,chatham_058_2018.json
114,72,2014,CHATHAM,chatham_072_2014.json
115,73,2014,CHATHAM,chatham_073_2014.json
116,74,2014,CHATHAM,chatham_074_2014.json
117,75,2014,CHATHAM,chatham_075_2014.json
118,62,2018,CLEVELAND,cleveland_062_2018.json
119,63,2018,CLEVELAND,cleveland_063_2018.json
120,64,2018,CLEVELAND,cleveland_064_2018.json
121,79,2014,CLEVELAND,cleveland_079_2014.json
122,80,2014,CLEVELAND,cleveland_080_2014.json
123,81,2014,CLEVELAND,cleveland_081_2014.json
124,65,2018,COLUMBUS,columbus_065_2018.json
125,66,2018,COLUMBUS,columbus_066_2018.json
126,67,2018,COLUMBUS,columbus_067_2018.json
127,68,2018,COLUMBUS,columbus_068_2018.json
128,82,2014,COLUMBUS,columbus_082_2014.json
129,83,2014,COLUMBUS,columbus_083_2014.json
130,84,2014,COLUMBUS,columbus_084_2014.json
131,85,2014,COLUMBUS,columbus_085_2014.json
132,86,2014,COLUMBUS,columbus_086_2014.json
133,87,2014,COLUMBUS,columbus_087_2014.json
134,69,2018,CRAVEN,craven_069_2018.json
135,70,2018,CRAVEN,craven_070_2018.json
136,71,2018,CRAVEN,craven_071_2018.json
137,72,2018,CRAVEN,craven_072_2018.json
138,88,2014,CRAVEN,craven_088_2014.json
139,89,2014,CRAVEN,craven_089_2014.json
140,90,2014,CRAVEN,craven_090_2014.json
141,91,2014,CRAVEN,craven_091_2014.json
142,92,2014,CRAVEN,craven_092_2014.json
143,73,2018,CUMBERLAND,cumberland_073_2018.json
144,74,2018,CUMBERLAND,cumberland_074_2018.json
145,75,2018,CUMBERLAND,cumberland_075_2018.json
146,76,2018,CUMBERLAND,cumberland_076_2018.json
147,93,2014,CUMBERLAND,cumberland_093_2014.json
148,94,2014,CUMBERLAND,cumberland_094_2014.json
149,95,2014,CUMBERLAND,cumberland_095_2014.json
150,96,2014,CUMBERLAND,cumberland_096_2014.json
151,97,2014,CUMBERLAND,cumberland_097_2014.json
152,98,2014,CUMBERLAND,cumberland_098_2014.json
153,99,2014,CUMBERLAND,cumberland_099_2014.json
154,78,2018,DARE,dare_078_2018.json
155,79,2018,DARE,dare_079_2018.json
156,80,2018,DARE,dare_080_2018.json
157,101,2014,DARE,dare_101_2014.json
158,102,2014,DARE,dare_102_2014.json
159,103,2014,DARE,dare_103_2014.json
160,104,2014,DARE,dare_104_2014.json
161,81,2018,DAVIDSON,davidson_081_2018.json
162,82,2018,DAVIDSON,davidson_082_2018.json
163,83,2018,DAVIDSON,davidson_083_2018.json
164,84,2018,DAVIDSON,davidson_084_2018.json
165,85,2018,DAVIDSON,davidson_085_2018.json
166,105,2014,DAVIDSON,davidson_105_2014.json
167,106,2014,DAVIDSON,davidson_106_2014.json
168,107,2014,DAVIDSON,davidson_107_2014.json
169,108,2014,DAVIDSON,davidson_108_2014.json
170,86,2018,DAVIE,davie_086_2018.json
171,87,2018,DAVIE,davie_087_2018.json
172,88,2018,DAVIE,davie_088_2018.json
173,109,2014,DAVIE,davie_109_2014.json
174,110,2014,DAVIE,davie_110_2014.json
175,111,2014,DAVIE,davie_111_2014.json
176,112,2014,DAVIE,davie_112_2014.json
177,113,2014,DAVIE,davie_113_2014.json
178,89,2018,DUPLIN,duplin_089_2018.json
179,114,2014,DUPLIN,duplin_114_2014.json
180,90,2018,DURHAM,durham_090_2018.json
181,91,2018,DURHAM,durham_091_2018.json
182,92,2018,DURHAM,durham_092_2018.json
183,93,2018,DURHAM,durham_093_2018.json
184,94,2018,DURHAM,durham_094_2018.json
185,95,2018,DURHAM,durham_095_2018.json
186,115,2014,DURHAM,durham_115_2014.json
187,116,2014,DURHAM,durham_116_2014.json
188,117,2014,DURHAM,durham_117_2014.json
189,118,2014,DURHAM,durham_118_2014.json
190,99,2018,FORSYTH,forsyth_099_2018.json
191,100,2018,FORSYTH,forsyth_100_2018.json
192,101,2018,FORSYTH,forsyth_101_2018.json
193,102,2018,FORSYTH,forsyth_102_2018.json
194,103,2018,FORSYTH,forsyth_103_2018.json
195,104,2018,FORSYTH,forsyth_104_2018.json
196,105,2018,FORSYTH,forsyth_105_2018.json
197,106,2018,FORSYTH,forsyth_106_2018.json
198,107,2018,FORSYTH,forsyth_107_2018.json
199,108,2018,FORSYTH,forsyth_108_2018.json
200,109,2018,FORSYTH,forsyth_109_2018.json
201,122,2014,FORSYTH,forsyth_122_2014.json
202,123,2014,FORSYTH,forsyth_123_2014.json
203,124,2014,FORSYTH,forsyth_124_2014.json
204,125,2014,FORSYTH,forsyth_125_2014.json
205,126,2014,FORSYTH,forsyth_126_2014.json
206,127,2014,FORSYTH,forsyth_127_2014.json
207,128,2014,FORSYTH,forsyth_128_2014.json
208,129,2014,FORSYTH,forsyth_129_2014.json
209,130,2014,FORSYTH,forsyth_130_2014.json
210,131,2014,FORSYTH,forsyth_131_2014.json
211,114,2018,GASTON,gaston_114_2018.json
212,115,2018,GASTON,gaston_115_2018.json
213,116,2018,GASTON,gaston_116_2018.json
214,136,2014,GASTON,gaston_136_2014.json
215,137,2014,GASTON,gaston_137_2014.json
216,138,2014,GASTON,gaston_138_2014.json
217,139,2014,GASTON,gaston_139_2014.json
218,117,2018,GATES,gates_117_2018.json
219,140,2014,GATES,gates_140_2014.json
220,141,2014,GATES,gates_141_2014.json
221,119,2018,GRANVILLE,granville_119_2018.json
222,120,2018,GRANVILLE,granville_120_2018.json
223,121,2018,GRANVILLE,granville_121_2018.json
224,143,2014,GRANVILLE,granville_143_2014.json
225,144,2014,GRANVILLE,granville_144_2014.json
226,145,2014,GRANVILLE,granville_145_2014.json
227,123,2018,GUILFORD,guilford_123_2018.json
228,124,2018,GUILFORD,guilford_124_2018.json
229,125,2018,GUILFORD,guilford_125_2018.json
230,126,2018,GUILFORD,guilford_126_2018.json
231,127,2018,GUILFORD,guilford_127_2018.json
232,128,2018,GUILFORD,guilford_128_2018.json
233,129,2018,GUILFORD,guilford_129_2018.json
234,130,2018,GUILFORD,guilford_130_2018.json
235,131,2018,GUILFORD,guilford_131_2018.json
236,147,2014,GUILFORD,guilford_147_2014.json
237,148,2014,GUILFORD,guilford_148_2014.json
238,149,2014,GUILFORD,guilford_149_2014.json
239,150,2014,GUILFORD,guilford_150_2014.json
240,151,2014,GUILFORD,guilford_151_2014.json
241,152,2014,GUILFORD,guilford_152_2014.json
242,153,2014,GUILFORD,guilford_153_2014.json
243,154,2014,GUILFORD,guilford_154_2014.json
244,155,2014,GUILFORD,guilford_155_2014.json
245,156,2014,GUILFORD,guilford_156_2014.json
246,157,2014,GUILFORD,guilford_157_2014.json
247,132,2018,HALIFAX,halifax_132_2018.json
248,158,2014,HALIFAX,halifax_158_2014.json
249,159,2014,HALIFAX,halifax_159_2014.json
250,160,2014,HALIFAX,halifax_160_2014.json
251,133,2018,HARNETT,harnett_133_2018.json
252,134,2018,HARNETT,harnett_134_2018.json
253,135,2018,HARNETT,harnett_135_2018.json
254,161,2014,HARNETT,harnett_161_2014.json
255,162,2014,HARNETT,harnett_162_2014.json
256,163,2014,HARNETT,harnett_163_2014.json
257,164,2014,HARNETT,harnett_164_2014.json
258,139,2018,HENDERSON,henderson_139_2018.json
259,168,2014,HENDERSON,henderson_168_2014.json
260,169,2014,HENDERSON,henderson_169_2014.json
261,170,2014,HENDERSON,henderson_170_2014.json
262,171,2014,HENDERSON,henderson_171_2014.json
263,172,2014,HENDERSON,henderson_172_2014.json
264,143,2018,HYDE,hyde_143_2018.json
265,144,2018,HYDE,hyde_144_2018.json
266,176,2014,HYDE,hyde_176_2014.json
267,177,2014,HYDE,hyde_177_2014.json
268,145,2018,IREDELL,iredell_145_2018.json
269,146,2018,IREDELL,iredell_146_2018.json
270,147,2018,IREDELL,iredell_147_2018.json
271,178,2014,IREDELL,iredell_178_2014.json
272,179,2014,IREDELL,iredell_179_2014.json
273,180,2014,IREDELL,iredell_180_2014.json
274,181,2014,IREDELL,iredell_181_2014.json
275,182,2014,IREDELL,iredell_182_2014.json
276,148,2018,JACKSON,jackson_148_2018.json
277,149,2018,JACKSON,jackson_149_2018.json
278,150,2018,JACKSON,jackson_150_2018.json
279,151,2018,JACKSON,jackson_151_2018.json
280,152,2018,JACKSON,jackson_152_2018.json
281,183,2014,JACKSON,jackson_183_2014.json
282,184,2014,JACKSON,jackson_184_2014.json
283,185,2014,JACKSON,jackson_185_2014.json
284,186,2014,JACKSON,jackson_186_2014.json
285,153,2018,JOHNSTON,johnston_153_2018.json
286,154,2018,JOHNSTON,johnston_154_2018.json
287,155,2018,JOHNSTON,johnston_155_2018.json
288,187,2014,JOHNSTON,johnston_187_2014.json
289,188,2014,JOHNSTON,johnston_188_2014.json
290,189,2014,JOHNSTON,johnston_189_2014.json
291,190,2014,JOHNSTON,johnston_190_2014.json
292,191,2014,JOHNSTON,johnston_191_2014.json
293,159,2018,LENOIR,lenoir_159_2018.json
294,160,2018,LENOIR,lenoir_160_2018.json
295,161,2018,LENOIR,lenoir_161_2018.json
296,162,2018,LENOIR,lenoir_162_2018.json
297,163,2018,LENOIR,lenoir_163_2018.json
298,164,2018,LENOIR,lenoir_164_2018.json
299,195,2014,LENOIR,lenoir_195_2014.json
300,196,2014,LENOIR,lenoir_196_2014.json
301,197,2014,LENOIR,lenoir_197_2014.json
302,198,2014,LENOIR,lenoir_198_2014.json
303,199,2014,LENOIR,lenoir_199_2014.json
304,200,2014,LENOIR,lenoir_200_2014.json
305,165,2018,LINCOLN,lincoln_165_2018.json
306,166,2018,LINCOLN,lincoln_166_2018.json
307,167,2018,LINCOLN,lincoln_167_2018.json
308,201,2014,LINCOLN,lincoln_201_2014.json
309,202,2014,LINCOLN,lincoln_202_2014.json
310,203,2014,LINCOLN,lincoln_203_2014.json
311,204,2014,LINCOLN,lincoln_204_2014.json
312,205,2014,LINCOLN,lincoln_205_2014.json
313,170,2018,MADISON,madison_170_2018.json
314,171,2018,MADISON,madison_171_2018.json
315,172,2018,MADISON,madison_172_2018.json
316,208,2014,MADISON,madison_208_2014.json
317,209,2014,MADISON,madison_209_2014.json
318,210,2014,MADISON,madison_210_2014.json
319,211,2014,MADISON,madison_211_2014.json
320,212,2014,MADISON,madison_212_2014.json
321,174,2018,MCDOWELL,mcdowell_174_2018.json
322,175,2018,MCDOWELL,mcdowell_175_2018.json
323,214,2014,MCDOWELL,mcdowell_214_2014.json
324,215,2014,MCDOWELL,mcdowell_215_2014.json
325,216,2014,MCDOWELL,mcdowell_216_2014.json
326,217,2014,MCDOWELL,mcdowell_217_2014.json
327,176,2018,MECKLENBURG,mecklenburg_176_2018.json
328,177,2018,MECKLENBURG,mecklenburg_177_2018.json
329,178,2018,MECKLENBURG,mecklenburg_178_2018.json
330,179,2018,MECKLENBURG,mecklenburg_179_2018.json
331,180,2018,MECKLENBURG,mecklenburg_180_2018.json
332,181,2018,MECKLENBURG,mecklenburg_181_2018.json
333,182,2018,MECKLENBURG,mecklenburg_182_2018.json
334,183,2018,MECKLENBURG,mecklenburg_183_2018.json
335,184,2018,MECKLENBURG,mecklenburg_184_2018.json
336,185,2018,MECKLENBURG,mecklenburg_185_2018.json
337,186,2018,MECKLENBURG,mecklenburg_186_2018.json
338,187,2018,MECKLENBURG,mecklenburg_187_2018.json
339,188,2018,MECKLENBURG,mecklenburg_188_2018.json
340,189,2018,MECKLENBURG,mecklenburg_189_2018.json
341,190,2018,MECKLENBURG,mecklenburg_190_2018.json
342,191,2018,MECKLENBURG,mecklenburg_191_2018.json
343,192,2018,MECKLENBURG,mecklenburg_192_2018.json
344,193,2018,MECKLENBURG,mecklenburg_193_2018.json
345,194,2018,MECKLENBURG,mecklenburg_194_2018.json
346,218,2014,MECKLENBURG,mecklenburg_218_2014.json
347,219,2014,MECKLENBURG,mecklenburg_219_2014.json
348,220,2014,MECKLENBURG,mecklenburg_220_2014.json
349,221,2014,MECKLENBURG,mecklenburg_221_2014.json
350,222,2014,MECKLENBURG,mecklenburg_222_2014.json
351,223,2014,MECKLENBURG,mecklenburg_223_2014.json
352,224,2014,MECKLENBURG,mecklenburg_224_2014.json
353,225,2014,MECKLENBURG,mecklenburg_225_2014.json
354,226,2014,MECKLENBURG,mecklenburg_226_2014.json
355,227,2014,MECKLENBURG,mecklenburg_227_2014.json
356,228,2014,MECKLENBURG,mecklenburg_228_2014.json
357,229,2014,MECKLENBURG,mecklenburg_229_2014.json
358,230,2014,MECKLENBURG,mecklenburg_230_2014.json
359,231,2014,MECKLENBURG,mecklenburg_231_2014.json
360,232,2014,MECKLENBURG,mecklenburg_232_2014.json
361,233,2014,MECKLENBURG,mecklenburg_233_2014.json
362,234,2014,MECKLENBURG,mecklenburg_234_2014.json
363,235,2014,MECKLENBURG,mecklenburg_235_2014.json
364,236,2014,MECKLENBURG,mecklenburg_236_2014.json
365,237,2014,MECKLENBURG,mecklenburg_237_2014.json
366,238,2014,MECKLENBURG,mecklenburg_238_2014.json
367,195,2018,MITCHELL,mitchell_195_2018.json
368,196,2018,MITCHELL,mitchell_196_2018.json
369,239,2014,MITCHELL,mitchell_239_2014.json
370,240,2014,MITCHELL,mitchell_240_2014.json
371,197,2018,MONTGOMERY,montgomery_197_2018.json
372,198,2018,MONTGOMERY,montgomery_198_2018.json
373,241,2014,MONTGOMERY,montgomery_241_2014.json
374,242,2014,MONTGOMERY,montgomery_242_2014.json
375,199,2018,MOORE,moore_199_2018.json
376,200,2018,MOORE,moore_200_2018.json
377,243,2014,MOORE,moore_243_2014.json
378,244,2014,MOORE,moore_244_2014.json
379,201,2018,NASH,nash_201_2018.json
380,202,2018,NASH,nash_202_2018.json
381,245,2014,NASH,nash_245_2014.json
382,246,2014,NASH,nash_246_2014.json
383,247,2014,NASH,nash_247_2014.json
384,203,2018,NEW HANOVER,new hanover_203_2018.json
385,204,2018,NEW HANOVER,new hanover_204_2018.json
386,205,2018,NEW HANOVER,new hanover_205_2018.json
387,206,2018,NEW HANOVER,new hanover_206_2018.json
388,207,2018,NEW HANOVER,new hanover_207_2018.json
389,248,2014,NEW HANOVER,new hanover_248_2014.json
390,249,2014,NEW HANOVER,new hanover_249_2014.json
391,250,2014,NEW HANOVER,new hanover_250_2014.json
392,251,2014,NEW HANOVER,new hanover_251_2014.json
393,252,2014,NEW HANOVER,new hanover_252_2014.json
394,208,2018,NORTHAMPTON,northampton_208_2018.json
395,209,2018,NORTHAMPTON,northampton_209_2018.json
396,253,2014,NORTHAMPTON,northampton_253_2014.json
397,254,2014,NORTHAMPTON,northampton_254_2014.json
398,255,2014,NORTHAMPTON,northampton_255_2014.json
399,210,2018,ONSLOW,onslow_210_2018.json
400,211,2018,ONSLOW,onslow_211_2018.json
401,256,2014,ONSLOW,onslow_256_2014.json
402,257,2014,ONSLOW,onslow_257_2014.json
403,258,2014,ONSLOW,onslow_258_2014.json
404,259,2014,ONSLOW,onslow_259_2014.json
405,212,2018,ORANGE,orange_212_2018.json
406,213,2018,ORANGE,orange_213_2018.json
407,214,2018,ORANGE,orange_214_2018.json
408,215,2018,ORANGE,orange_215_2018.json
409,216,2018,ORANGE,orange_216_2018.json
410,260,2014,ORANGE,orange_260_2014.json
411,261,2014,ORANGE,orange_261_2014.json
412,262,2014,ORANGE,orange_262_2014.json
413,263,2014,ORANGE,orange_263_2014.json
414,264,2014,ORANGE,orange_264_2014.json
415,219,2018,PENDER,pender_219_2018.json
416,220,2018,PENDER,pender_220_2018.json
417,221,2018,PENDER,pender_221_2018.json
418,222,2018,PENDER,pender_222_2018.json
419,223,2018,PENDER,pender_223_2018.json
420,267,2014,PENDER,pender_267_2014.json
421,268,2014,PENDER,pender_268_2014.json
422,269,2014,PENDER,pender_269_2014.json
423,270,2014,PENDER,pender_270_2014.json
424,271,2014,PENDER,pender_271_2014.json
425,225,2018,PERSON,person_225_2018.json
426,273,2014,PERSON,person_273_2014.json
427,274,2014,PERSON,person_274_2014.json
428,226,2018,PITT,pitt_226_2018.json
429,227,2018,PITT,pitt_227_2018.json
430,228,2018,PITT,pitt_228_2018.json
431,229,2018,PITT,pitt_229_2018.json
432,230,2018,PITT,pitt_230_2018.json
433,275,2014,PITT,pitt_275_2014.json
434,276,2014,PITT,pitt_276_2014.json
435,277,2014,PITT,pitt_277_2014.json
436,278,2014,PITT,pitt_278_2014.json
437,279,2014,PITT,pitt_279_2014.json
438,280,2014,PITT,pitt_280_2014.json
439,281,2014,PITT,pitt_281_2014.json
440,231,2018,POLK,polk_231_2018.json
441,282,2014,POLK,polk_282_2014.json
442,283,2014,POLK,polk_283_2014.json
443,284,2014,POLK,polk_284_2014.json
444,232,2018,RANDOLPH,randolph_232_2018.json
445,233,2018,RANDOLPH,randolph_233_2018.json
446,234,2018,RANDOLPH,randolph_234_2018.json
447,235,2018,RANDOLPH,randolph_235_2018.json
448,285,2014,RANDOLPH,randolph_285_2014.json
449,286,2014,RANDOLPH,randolph_286_2014.json
450,287,2014,RANDOLPH,randolph_287_2014.json
451,288,2014,RANDOLPH,randolph_288_2014.json
452,236,2018,RICHMOND,richmond_236_2018.json
453,289,2014,RICHMOND,richmond_289_2014.json
454,290,2014,RICHMOND,richmond_290_2014.json
455,291,2014,RICHMOND,richmond_291_2014.json
456,237,2018,ROBESON,robeson_237_2018.json
457,238,2018,ROBESON,robeson_238_2018.json
458,239,2018,ROBESON,robeson_239_2018.json
459,240,2018,ROBESON,robeson_240_2018.json
460,241,2018,ROBESON,robeson_241_2018.json
461,242,2018,ROBESON,robeson_242_2018.json
462,292,2014,ROBESON,robeson_292_2014.json
463,293,2014,ROBESON,robeson_293_2014.json
464,294,2014,ROBESON,robeson_294_2014.json
465,243,2018,ROCKINGHAM,rockingham_243_2018.json
466,244,2018,ROCKINGHAM,rockingham_244_2018.json
467,245,2018,ROCKINGHAM,rockingham_245_2018.json
468,246,2018,ROCKINGHAM,rockingham_246_2018.json
469,295,2014,ROCKINGHAM,rockingham_295_2014.json
470,296,2014,ROCKINGHAM,rockingham_296_2014.json
471,297,2014,ROCKINGHAM,rockingham_297_2014.json
472,298,2014,ROCKINGHAM,rockingham_298_2014.json
473,247,2018,ROWAN,rowan_247_2018.json
474,248,2018,ROWAN,rowan_248_2018.json
475,249,2018,ROWAN,rowan_249_2018.json
476,250,2018,ROWAN,rowan_250_2018.json
477,299,2014,ROWAN,rowan_299_2014.json
478,300,2014,ROWAN,rowan_300_2014.json
479,301,2014,ROWAN,rowan_301_2014.json
480,302,2014,ROWAN,rowan_302_2014.json
481,303,2014,ROWAN,rowan_303_2014.json
482,251,2018,RUTHERFORD,rutherford_251_2018.json
483,252,2018,RUTHERFORD,rutherford_252_2018.json
484,304,2014,RUTHERFORD,rutherford_304_2014.json
485,305,2014,RUTHERFORD,rutherford_305_2014.json
486,306,2014,RUTHERFORD,rutherford_306_2014.json
487,253,2018,SAMPSON,sampson_253_2018.json
488,254,2018,SAMPSON,sampson_254_2018.json
489,255,2018,SAMPSON,sampson_255_2018.json
490,307,2014,SAMPSON,sampson_307_2014.json
491,308,2014,SAMPSON,sampson_308_2014.json
492,309,2014,SAMPSON,sampson_309_2014.json
493,310,2014,SAMPSON,sampson_310_2014.json
494,257,2018,STANLY,stanly_257_2018.json
495,312,2014,STANLY,stanly_312_2014.json
496,313,2014,STANLY,stanly_313_2014.json
497,314,2014,STANLY,stanly_314_2014.json
498,315,2014,STANLY,stanly_315_2014.json
499,261,2018,SURRY,surry_261_2018.json
500,262,2018,SURRY,surry_262_2018.json
501,319,2014,SURRY,surry_319_2014.json
502,320,2014,SURRY,surry_320_2014.json
503,321,2014,SURRY,surry_321_2014.json
504,265,2018,TRANSYLVANIA,transylvania_265_2018.json
505,324,2014,TRANSYLVANIA,transylvania_324_2014.json
506,325,2014,TRANSYLVANIA,transylvania_325_2014.json
507,267,2018,UNION,union_267_2018.json
508,268,2018,UNION,union_268_2018.json
509,269,2018,UNION,union_269_2018.json
510,270,2018,UNION,union_270_2018.json
511,271,2018,UNION,union_271_2018.json
512,272,2018,UNION,union_272_2018.json
513,273,2018,UNION,union_273_2018.json
514,327,2014,UNION,union_327_2014.json
515,328,2014,UNION,union_328_2014.json
516,329,2014,UNION,union_329_2014.json
517,330,2014,UNION,union_330_2014.json
518,331,2014,UNION,union_331_2014.json
519,332,2014,UNION,union_332_2014.json
520,333,2014,UNION,union_333_2014.json
521,274,2018,VANCE,vance_274_2018.json
522,275,2018,VANCE,vance_275_2018.json
523,334,2014,VANCE,vance_334_2014.json
524,335,2014,VANCE,vance_335_2014.json
525,336,2014,VANCE,vance_336_2014.json
526,276,2018,WAKE,wake_276_2018.json
527,277,2018,WAKE,wake_277_2018.json
528,278,2018,WAKE,wake_278_2018.json
529,279,2018,WAKE,wake_279_2018.json
530,280,2018,WAKE,wake_280_2018.json
531,281,2018,WAKE,wake_281_2018.json
532,282,2018,WAKE,wake_282_2018.json
533,283,2018,WAKE,wake_283_2018.json
534,284,2018,WAKE,wake_284_2018.json
535,285,2018,WAKE,wake_285_2018.json
536,337,2014,WAKE,wake_337_2014.json
537,338,2014,WAKE,wake_338_2014.json
538,339,2014,WAKE,wake_339_2014.json
539,340,2014,WAKE,wake_340_2014.json
540,341,2014,WAKE,wake_341_2014.json
541,342,2014,WAKE,wake_342_2014.json
542,343,2014,WAKE,wake_343_2014.json
543,344,2014,WAKE,wake_344_2014.json
544,345,2014,WAKE,wake_345_2014.json
545,288,2018,WATAUGA,watauga_288_2018.json
546,289,2018,WATAUGA,watauga_289_2018.json
547,290,2018,WATAUGA,watauga_290_2018.json
548,291,2018,WATAUGA,watauga_291_2018.json
549,292,2018,WATAUGA,watauga_292_2018.json
550,293,2018,WATAUGA,watauga_293_2018.json
551,348,2014,WATAUGA,watauga_348_2014.json
552,349,2014,WATAUGA,watauga_349_2014.json
553,350,2014,WATAUGA,watauga_350_2014.json
554,351,2014,WATAUGA,watauga_351_2014.json
555,352,2014,WATAUGA,watauga_352_2014.json
556,353,2014,WATAUGA,watauga_353_2014.json
557,294,2018,WAYNE,wayne_294_2018.json
558,295,2018,WAYNE,wayne_295_2018.json
559,296,2018,WAYNE,wayne_296_2018.json
560,297,2018,WAYNE,wayne_297_2018.json
561,354,2014,WAYNE,wayne_354_2014.json
562,355,2014,WAYNE,wayne_355_2014.json
563,356,2014,WAYNE,wayne_356_2014.json
564,357,2014,WAYNE,wayne_357_2014.json
565,358,2014,WAYNE,wayne_358_2014.json
566,298,2018,WILKES,wilkes_298_2018.json
567,299,2018,WILKES,wilkes_299_2018.json
568,300,2018,WILKES,wilkes_300_2018.json
569,359,2014,WILKES,wilkes_359_2014.json
570,360,2014,WILKES,wilkes_360_2014.json
571,361,2014,WILKES,wilkes_361_2014.json
572,362,2014,WILKES,wilkes_362_2014.json
573,363,2014,WILKES,wilkes_363_2014.json
574,301,2018,WILSON,wilson_301_2018.json
575,302,2018,WILSON,wilson_302_2018.json
576,364,2014,WILSON,wilson_364_2014.json
577,365,2014,WILSON,wilson_365_2014.json
578,366,2014,WILSON,wilson_366_2014.json
579,304,2018,YANCEY,yancey_304_2018.json
580,368,2014,YANCEY,yancey_368_2014.json
